<?xml version="1.0" encoding="UTF-8" ?>
<!DOCTYPE mapper
PUBLIC "-//mybatis.org//DTD Mapper 3.0//EN"
"http://mybatis.org/dtd/mybatis-3-mapper.dtd">

<mapper namespace="kr.or.bodiary.exercise.dao.exerciseDAO">
	
    
    <select id="getExerciseListByName" parameterType="String" resultType="kr.or.bodiary.exercise.dto.exerciseDTO">
    	select * from Exercise where excs_name  like concat('%', #{excs_name} , '%')
    </select> 
    <select id="getExercisecListByName" resultType="kr.or.bodiary.exercise.dto.exerciseDTO">
    	select * from Exercise where excs_kind='C'
    </select>
    <select id="getExercisenListByName" resultType="kr.or.bodiary.exercise.dto.exerciseDTO">
    	select * from Exercise where excs_kind='N'
    </select>
    <!--  
    <insert id="getExerciseListByFoodName" parameterType="kr.or.bodiary.exercise.dto.exerciseDTO">
    	INSERT INTO RoutineBoard(user_email , routine_brd_title, routine_brd_content , routine_cart_seq , image_open , gender_open , brd_image1 , brd_image2 , brd_start , brd_end , brd_rec ) 
		VALUES( #{user_email}, #{routine_brd_title}, #{routine_brd_content}, #{routine_cart_seq}, #{image_open}, #{gender_open}, #{brd_image1}, #{brd_image2}, #{brd_start}, #{brd_end},#{brd_rec} )
    </insert>
    -->
</mapper>

 
